<?xml version="1.0" encoding="utf-8"?>
<contentico>
    <!-- Модули сайта -->
    <modules>
        <!--
            Пример: <module name="Название модуля" code="Код модуля" />
                Название модуля - отображается в панеле управления Contentico при редактировании страниц сайта
                Код модуля - это имя файла в каталоге "_mod" и имя класса в этом файле
        -->
        <module name="Страница" code="Page" />
    </modules>
    
    <!-- Шаблоны страниц сайта -->
    <templates>
        <!--
            Пример: <template name="Название шаблона" code="Код шаблона" />
                Название шаблона - отображается в панеле управления Contentico при редактировании страниц сайта
                Код шаблона - это имя файла в каталоге "_tpl"
        -->
        <template name="Cтраница" code="page" />
    </templates>

    <!-- Директивы конфигурационного файла веб-сервера -->
    <webserverconfig>
		<!--
            Произвольные директивы для конфигурационного файла веб-сервера
            Пример: <rule><![CDATA[ директива ]]></rule>
        -->
    </webserverconfig>
</contentico>